{"cameraMode":{"drawMode":0,"name":"Shaded","section":"Shading Mode"},"sceneLighting":true,"audioPlay":false,"sceneViewState":{"m_AlwaysRefresh":false,"showFog":true,"showSkybox":true,"showFlares":true,"showImageEffects":true,"showParticleSystems":true,"showVisualEffectGraphs":true,"m_FxEnabled":true},"in2DMode":false,"pivot":{"x":-1.6776885986328126,"y":-6.876853942871094,"z":0.5966953635215759},"rotation":{"x":-0.6321427226066589,"y":-0.0006994151044636965,"z":0.0005699890316464007,"w":-0.774859607219696},"size":14.22840690612793,"orthographic":false}